{
  "train": {
    "Accuracy": 0.852112676056338,
    "Precision": 0.7758620689655172,
    "Recall_(Sensitivity/TPR)": 0.47368421052631576,
    "F1-Score": 0.5882352941176471,
    "Specificity_(TNR)": 0.9607250755287009,
    "ROC-AUC": 0.8761965336301478,
    "PR-AUC": 0.7198763655121129,
    "LogLoss": 0.3478437639655766,
    "MCC": 0.5272747733713287,
    "AG_roc_auc": 0.8761965336301478
  },
  "val": {
    "Accuracy": 0.7757009345794392,
    "Precision": 0.42857142857142855,
    "Recall_(Sensitivity/TPR)": 0.2727272727272727,
    "F1-Score": 0.3333333333333333,
    "Specificity_(TNR)": 0.9058823529411765,
    "ROC-AUC": 0.7106951871657754,
    "PR-AUC": 0.39668972213558484,
    "LogLoss": 0.5011296964026088,
    "MCC": 0.21405243441718844,
    "AG_roc_auc": 0.7106951871657754
  },
  "test": {
    "Accuracy": 0.6194029850746269,
    "Precision": 0.36363636363636365,
    "Recall_(Sensitivity/TPR)": 0.7272727272727273,
    "F1-Score": 0.48484848484848486,
    "Specificity_(TNR)": 0.5841584158415841,
    "ROC-AUC": 0.7581758175817581,
    "PR-AUC": 0.6210813564630533,
    "LogLoss": 0.4642165539367009,
    "MCC": 0.2683819305394361,
    "AG_roc_auc": 0.7581758175817581
  },
  "test_external": {},
  "ag_eval": {
    "Train": {
      "roc_auc": 0.8761965336301478
    },
    "Validation": {
      "roc_auc": 0.7106951871657754
    },
    "Test": {
      "roc_auc": 0.7581758175817581
    }
  },
  "ag_eval_std": null,
  "fit_summary": {
    "val_roc_auc": 0.7042781114578247,
    "training_time": 3087.4350249767303
  },
  "roc_curves": {
    "Train": {
      "fpr": [
        0.0,
        0.0,
        0.0,
        0.0030211480362537764,
        0.0030211480362537764,
        0.00906344410876133,
        0.00906344410876133,
        0.021148036253776436,
        0.021148036253776436,
        0.02416918429003021,
        0.02416918429003021,
        0.027190332326283987,
        0.027190332326283987,
        0.030211480362537766,
        0.030211480362537766,
        0.03323262839879154,
        0.03323262839879154,
        0.03625377643504532,
        0.03625377643504532,
        0.045317220543806644,
        0.045317220543806644,
        0.04833836858006042,
        0.04833836858006042,
        0.0513595166163142,
        0.0513595166163142,
        0.06042296072507553,
        0.06042296072507553,
        0.0634441087613293,
        0.0634441087613293,
        0.06646525679758308,
        0.06646525679758308,
        0.06948640483383686,
        0.06948640483383686,
        0.07250755287009064,
        0.07250755287009064,
        0.0755287009063444,
        0.0755287009063444,
        0.08157099697885196,
        0.08157099697885196,
        0.09063444108761329,
        0.09063444108761329,
        0.09365558912386707,
        0.09365558912386707,
        0.1027190332326284,
        0.1027190332326284,
        0.10876132930513595,
        0.10876132930513595,
        0.11782477341389729,
        0.11782477341389729,
        0.1299093655589124,
        0.1299093655589124,
        0.13293051359516617,
        0.13293051359516617,
        0.15709969788519637,
        0.15709969788519637,
        0.16012084592145015,
        0.16012084592145015,
        0.18429003021148035,
        0.18429003021148035,
        0.19939577039274925,
        0.19939577039274925,
        0.20241691842900303,
        0.2084592145015106,
        0.2326283987915408,
        0.2326283987915408,
        0.23867069486404835,
        0.23867069486404835,
        0.24471299093655588,
        0.24471299093655588,
        0.25075528700906347,
        0.25075528700906347,
        0.2598187311178248,
        0.2598187311178248,
        0.2628398791540785,
        0.2628398791540785,
        0.2930513595166163,
        0.2930513595166163,
        0.2990936555891239,
        0.2990936555891239,
        0.3021148036253776,
        0.3021148036253776,
        0.30513595166163143,
        0.30513595166163143,
        0.31419939577039274,
        0.31419939577039274,
        0.3323262839879154,
        0.3323262839879154,
        0.36555891238670696,
        0.36555891238670696,
        0.3957703927492447,
        0.3957703927492447,
        0.459214501510574,
        0.459214501510574,
        0.5015105740181269,
        0.5075528700906344,
        0.5105740181268882,
        0.5166163141993958,
        0.6193353474320241,
        0.6253776435045317,
        0.6858006042296072,
        0.6858006042296072,
        0.6948640483383686,
        0.7009063444108762,
        0.7462235649546828,
        0.7522658610271903,
        0.7764350453172205,
        0.7824773413897281,
        0.797583081570997,
        0.8036253776435045,
        0.8187311178247734,
        0.8187311178247734,
        0.8338368580060423,
        0.8338368580060423,
        0.8882175226586103,
        0.8882175226586103,
        0.9003021148036254,
        0.9063444108761329,
        0.9848942598187311,
        0.9909365558912386,
        1.0
      ],