{
  "train": {
    "Accuracy": 0.8805309734513275,
    "Precision": 0.8928571428571429,
    "Recall_(Sensitivity/TPR)": 0.5102040816326531,
    "F1-Score": 0.6493506493506493,
    "Specificity_(TNR)": 0.9830508474576272,
    "ROC-AUC": 0.9086388792805258,
    "PR-AUC": 0.8042869017837264,
    "LogLoss": 0.2998322892520914,
    "MCC": 0.616942226172259,
    "AG_roc_auc": 0.9086388792805257
  },
  "val": {
    "Accuracy": 0.7654320987654321,
    "Precision": 0.5,
    "Recall_(Sensitivity/TPR)": 0.2631578947368421,
    "F1-Score": 0.3448275862068966,
    "Specificity_(TNR)": 0.9193548387096774,
    "ROC-AUC": 0.7028862478777589,
    "PR-AUC": 0.501838566170991,
    "LogLoss": 0.5382191303229656,
    "MCC": 0.23509134482124505,
    "AG_roc_auc": 0.702886247877759
  },
  "test": {
    "Accuracy": 0.6791044776119403,
    "Precision": 0.421875,
    "Recall_(Sensitivity/TPR)": 0.8181818181818182,
    "F1-Score": 0.5567010309278351,
    "Specificity_(TNR)": 0.6336633663366337,
    "ROC-AUC": 0.8052805280528053,
    "PR-AUC": 0.5719304650171457,
    "LogLoss": 0.46277279493218587,
    "MCC": 0.38973401182637774,
    "AG_roc_auc": 0.8052805280528053
  },
  "test_external": {},
  "ag_eval": {
    "Train": {
      "roc_auc": 0.9086388792805257
    },
    "Validation": {
      "roc_auc": 0.702886247877759
    },
    "Test": {
      "roc_auc": 0.8052805280528053
    }
  },
  "ag_eval_std": null,
  "fit_summary": {
    "val_roc_auc": 0.6553480625152588,
    "training_time": 2087.688960790634
  },
  "roc_curves": {
    "Train": {
      "fpr": [
        0.0,
        0.0,
        0.0,
        0.002824858757062147,
        0.002824858757062147,
        0.005649717514124294,
        0.005649717514124294,
        0.00847457627118644,
        0.00847457627118644,
        0.011299435028248588,
        0.011299435028248588,
        0.014124293785310734,
        0.014124293785310734,
        0.01694915254237288,
        0.01694915254237288,
        0.01977401129943503,
        0.01977401129943503,
        0.031073446327683617,
        0.031073446327683617,
        0.03389830508474576,
        0.03389830508474576,
        0.03672316384180791,
        0.03672316384180791,
        0.04519774011299435,
        0.04519774011299435,
        0.05084745762711865,
        0.05084745762711865,
        0.05367231638418079,
        0.05367231638418079,
        0.062146892655367235,
        0.062146892655367235,
        0.06497175141242938,
        0.06497175141242938,
        0.07062146892655367,
        0.07062146892655367,
        0.07909604519774012,
        0.07909604519774012,
        0.08757062146892655,
        0.0903954802259887,
        0.11864406779661017,
        0.11864406779661017,
        0.12994350282485875,
        0.12994350282485875,
        0.13559322033898305,
        0.13559322033898305,
        0.1384180790960452,
        0.1384180790960452,
        0.16101694915254236,
        0.16101694915254236,
        0.16666666666666666,
        0.16666666666666666,
        0.17231638418079095,
        0.17231638418079095,
        0.2033898305084746,
        0.2033898305084746,
        0.21468926553672316,
        0.22033898305084745,
        0.2288135593220339,
        0.2288135593220339,
        0.24858757062146894,
        0.24858757062146894,
        0.2514124293785311,
        0.2514124293785311,
        0.2711864406779661,
        0.2711864406779661,
        0.3333333333333333,
        0.3333333333333333,
        0.3389830508474576,
        0.3446327683615819,
        0.3587570621468927,
        0.3587570621468927,
        0.3700564971751412,
        0.3700564971751412,
        0.3757062146892655,
        0.3757062146892655,
        0.3785310734463277,
        0.3785310734463277,
        0.384180790960452,
        0.384180790960452,
        0.4152542372881356,
        0.4209039548022599,
        0.4717514124293785,
        0.4774011299435028,
        0.480225988700565,
        0.480225988700565,
        0.4830508474576271,
        0.4887005649717514,
        0.5706214689265536,
        0.5706214689265536,
        0.5734463276836158,
        0.5734463276836158,
        0.5790960451977402,
        0.6807909604519774,
        0.6864406779661016,
        0.7768361581920904,
        0.7824858757062146,
        0.8559322033898306,
        0.8615819209039548,
        0.9067796610169492,
        0.9124293785310734,
        0.9745762711864406,
        0.980225988700565,
        1.0
      ],
      "tpr": [
        0.0,
        0.01020408163265306,
        0.29591836734693877,
        0.29591836734693877,
        0.42857142857142855,
        0.42857142857142855,
        0.4489795918367347,
        0.4489795918367347,
        0.45918367346938777,
        0.45918367346938777,
        0.46938775510204084,
        0.46938775510204084,
        0.5102040816326531,
        0.5102040816326531,
        0.5510204081632653,
        0.5510204081632653,
        0.5612244897959183,
        0.5612244897959183,
        0.5714285714285714,
        0.5714285714285714,
        0.5816326530612245,
        0.5816326530612245,
        0.5918367346938775,
        0.5918367346938775,
        0.6122448979591837,
        0.6122448979591837,
        0.6428571428571429,
        0.6428571428571429,
        0.6530612244897959,
        0.6530612244897959,
        0.673469387755102,
        0.673469387755102,
        0.7040816326530612,
        0.7040816326530612,
        0.7142857142857143,
        0.7142857142857143,
        0.7244897959183674,
        0.7244897959183674,
        0.7346938775510204,
        0.7346938775510204,
        0.7448979591836735,
        0.7448979591836735,
        0.7551020408163265,
        0.7551020408163265,
        0.7653061224489796,
        0.7653061224489796,
        0.7755102040816326,
        0.7755102040816326,
        0.7857142857142857,
        0.7857142857142857,
        0.7959183673469388,
        0.7959183673469388,
        0.8061224489795918,
        0.8061224489795918,
        0.826530612244898,
        0.826530612244898,
        0.826530612244898,
        0.826530612244898,
        0.8367346938775511,
        0.8367346938775511,
        0.8469387755102041,
        0.8469387755102041,
        0.8571428571428571,
        0.8571428571428571,
        0.8673469387755102,
        0.8673469387755102,
        0.8979591836734694,
        0.8979591836734694,
        0.8979591836734694,
        0.8979591836734694,
        0.9081632653061225,
        0.9081632653061225,
        0.9183673469387755,
        0.9183673469387755,
        0.9285714285714286,
        0.9285714285714286,
        0.9387755102040817,
        0.9387755102040817,
        0.9591836734693877,
        0.9591836734693877,
        0.9591836734693877,
        0.9591836734693877,
        0.9591836734693877,
        0.9591836734693877,
        0.9795918367346939,
        0.9795918367346939,
        0.9795918367346939,
        0.9795918367346939,
        0.9897959183673469,
        0.9897959183673469,
        1.0,
        1.0,
        1.0,
        1.0,
        1.0,
        1.0,
        1.0,
        1.0,
        1.0,
        1.0,
        1.0,
        1.0,
        1.0
      ],