{
  "train": {
    "Accuracy": 0.8530120481927711,
    "Precision": 0.9375,
    "Recall_(Sensitivity/TPR)": 0.33707865168539325,
    "F1-Score": 0.49586776859504134,
    "Specificity_(TNR)": 0.9938650306748467,
    "ROC-AUC": 0.874543323912594,
    "PR-AUC": 0.7271284566783014,
    "LogLoss": 0.35627096542118075,
    "MCC": 0.509194286731754,
    "AG_roc_auc": 0.8745433239125939
  },
  "val": {
    "Accuracy": 0.8,
    "Precision": 0.75,
    "Recall_(Sensitivity/TPR)": 0.13043478260869565,
    "F1-Score": 0.2222222222222222,
    "Specificity_(TNR)": 0.9878048780487805,
    "ROC-AUC": 0.8085896076352068,
    "PR-AUC": 0.548320021533651,
    "LogLoss": 0.432463694060989,
    "MCC": 0.2554720166740535,
    "AG_roc_auc": 0.8085896076352068
  },
  "test": {
    "Accuracy": 0.7894736842105263,
    "Precision": 0.8571428571428571,
    "Recall_(Sensitivity/TPR)": 0.18181818181818182,
    "F1-Score": 0.3,
    "Specificity_(TNR)": 0.99,
    "ROC-AUC": 0.7693939393939394,
    "PR-AUC": 0.5859232921106323,
    "LogLoss": 0.478200485483861,
    "MCC": 0.3323470256441984,
    "AG_roc_auc": 0.7693939393939393
  },
  "test_external": {},
  "ag_eval": {
    "Train": {
      "roc_auc": 0.8745433239125939
    },
    "Validation": {
      "roc_auc": 0.8085896076352068
    },
    "Test": {
      "roc_auc": 0.7693939393939393
    }
  },
  "ag_eval_std": null,
  "fit_summary": {
    "val_roc_auc": 0.7725344300270081,
    "training_time": 1520.979107618332
  },
  "roc_curves": {
    "Train": {
      "fpr": [
        0.0,
        0.0,
        0.0,
        0.003067484662576687,
        0.003067484662576687,
        0.006134969325153374,
        0.006134969325153374,
        0.009202453987730062,
        0.009202453987730062,
        0.012269938650306749,
        0.012269938650306749,
        0.015337423312883436,
        0.015337423312883436,
        0.02147239263803681,
        0.02147239263803681,
        0.03067484662576687,
        0.03067484662576687,
        0.03374233128834356,
        0.03374233128834356,
        0.03680981595092025,
        0.03680981595092025,
        0.049079754601226995,
        0.05521472392638037,
        0.05828220858895705,
        0.05828220858895705,
        0.06134969325153374,
        0.06134969325153374,
        0.06748466257668712,
        0.06748466257668712,
        0.0705521472392638,
        0.0705521472392638,
        0.0736196319018405,
        0.0736196319018405,
        0.07668711656441718,
        0.07668711656441718,
        0.07975460122699386,
        0.07975460122699386,
        0.08282208588957055,
        0.08282208588957055,
        0.08895705521472393,
        0.08895705521472393,
        0.1165644171779141,
        0.1165644171779141,
        0.1196319018404908,
        0.1196319018404908,
        0.1656441717791411,
        0.1656441717791411,
        0.17177914110429449,
        0.17177914110429449,
        0.21779141104294478,
        0.21779141104294478,
        0.27607361963190186,
        0.27607361963190186,
        0.2822085889570552,
        0.2883435582822086,
        0.30368098159509205,
        0.3098159509202454,
        0.32515337423312884,
        0.3312883435582822,
        0.3312883435582822,
        0.34355828220858897,
        0.34355828220858897,
        0.3558282208588957,
        0.3558282208588957,
        0.36503067484662577,
        0.36503067484662577,
        0.3773006134969325,
        0.3834355828220859,
        0.3834355828220859,
        0.3987730061349693,
        0.3987730061349693,
        0.46932515337423314,
        0.46932515337423314,
        0.4785276073619632,
        0.4785276073619632,
        0.5061349693251533,
        0.5061349693251533,
        0.5245398773006135,
        0.5306748466257669,
        0.5398773006134969,
        0.5398773006134969,
        0.5766871165644172,
        0.5766871165644172,
        0.7085889570552147,
        0.7147239263803681,
        0.7177914110429447,
        0.7177914110429447,
        0.7269938650306749,
        0.7331288343558282,
        0.7638036809815951,
        0.7638036809815951,
        0.8987730061349694,
        0.9049079754601227,
        0.9754601226993865,
        0.9815950920245399,
        1.0
      ],
      "tpr": [
        0.0,
        0.011235955056179775,
        0.02247191011235955,
        0.02247191011235955,
        0.24719101123595505,
        0.24719101123595505,
        0.39325842696629215,
        0.39325842696629215,
        0.4044943820224719,
        0.4044943820224719,
        0.4157303370786517,
        0.4157303370786517,
        0.449438202247191,
        0.449438202247191,
        0.48314606741573035,
        0.48314606741573035,
        0.4943820224719101,
        0.4943820224719101,
        0.5056179775280899,
        0.5056179775280899,
        0.5168539325842697,
        0.5168539325842697,
        0.5168539325842697,
        0.5168539325842697,
        0.5730337078651685,
        0.5730337078651685,
        0.5842696629213483,
        0.5842696629213483,
        0.5955056179775281,
        0.5955056179775281,
        0.6067415730337079,
        0.6067415730337079,
        0.6179775280898876,
        0.6179775280898876,
        0.6629213483146067,
        0.6629213483146067,
        0.6966292134831461,
        0.6966292134831461,
        0.7078651685393258,
        0.7078651685393258,
        0.7191011235955056,
        0.7191011235955056,
        0.7303370786516854,
        0.7303370786516854,
        0.7415730337078652,
        0.7415730337078652,
        0.7528089887640449,
        0.7528089887640449,
        0.7640449438202247,
        0.7640449438202247,
        0.7865168539325843,
        0.7865168539325843,
        0.8089887640449438,
        0.8089887640449438,
        0.8089887640449438,
        0.8089887640449438,
        0.8089887640449438,
        0.8089887640449438,
        0.8089887640449438,
        0.8426966292134831,
        0.8426966292134831,
        0.8539325842696629,
        0.8539325842696629,
        0.8651685393258427,
        0.8651685393258427,
        0.8764044943820225,
        0.8764044943820225,
        0.8764044943820225,
        0.8876404494382022,
        0.8876404494382022,
        0.898876404494382,
        0.898876404494382,
        0.9101123595505618,
        0.9101123595505618,
        0.9325842696629213,
        0.9325842696629213,
        0.9438202247191011,
        0.9438202247191011,
        0.9438202247191011,
        0.9438202247191011,
        0.9550561797752809,
        0.9550561797752809,
        0.9775280898876404,
        0.9775280898876404,
        0.9775280898876404,
        0.9775280898876404,
        0.9887640449438202,
        0.9887640449438202,
        0.9887640449438202,
        0.9887640449438202,
        1.0,
        1.0,
        1.0,
        1.0,
        1.0,
        1.0
      ],