{
    "combined": {
        "loss": 1.9140996932983398
    },
    "label": {
        "accuracy": 0.7153061628341675,
        "accuracy_micro": 0.716312050819397,
        "confusion_matrix": [
            [
                31,
                0,
                5,
                0,
                0,
                3,
                1
            ],
            [
                4,
                28,
                2,
                0,
                2,
                0,
                4
            ],
            [
                7,
                2,
                26,
                0,
                0,
                2,
                3
            ],
            [
                0,
                1,
                0,
                36,
                1,
                4,
                0
            ],
            [
                2,
                2,
                2,
                0,
                28,
                0,
                6
            ],
            [
                2,
                1,
                4,
                0,
                0,
                33,
                0
            ],
            [
                8,
                2,
                6,
                0,
                2,
                2,
                20
            ]
        ],
        "hits_at_k": 0.9214285612106323,
        "loss": 1.9140996932983398,
        "overall_stats": {
            "avg_f1_score_macro": 0.7178051880333712,
            "avg_f1_score_micro": 0.7163120567375887,
            "avg_f1_score_weighted": 0.7192610159414815,
            "avg_precision_macro": 0.730907110318875,
            "avg_precision_micro": 0.7163120567375887,
            "avg_precision_weighted": 0.7163120567375887,
            "avg_recall_macro": 0.7153061224489796,
            "avg_recall_micro": 0.7163120567375887,
            "avg_recall_weighted": 0.7163120567375887,
            "kappa_score": 0.6690723464178842,
            "token_accuracy": 0.7163120567375887
        },
        "per_class_stats": {
            "akiec": {
                "accuracy": 0.8794326241134752,
                "f1_score": 0.5405405405405405,
                "fall_out": 0.05785123966942152,
                "false_discovery_rate": 0.4117647058823529,
                "false_negative_rate": 0.5,
                "false_negatives": 20,
                "false_omission_rate": 0.08064516129032262,
                "false_positive_rate": 0.05785123966942152,
                "false_positives": 14,
                "hit_rate": 0.5,
                "informedness": 0.4421487603305785,
                "markedness": 0.5075901328273245,
                "matthews_correlation_coefficient": 0.4737408025340811,
                "miss_rate": 0.5,
                "negative_predictive_value": 0.9193548387096774,
                "positive_predictive_value": 0.5882352941176471,
                "precision": 0.5882352941176471,
                "recall": 0.5,
                "sensitivity": 0.5,
                "specificity": 0.9421487603305785,
                "true_negative_rate": 0.9421487603305785,
                "true_negatives": 228,
                "true_positive_rate": 0.5,
                "true_positives": 20
            },
            "bcc": {
                "accuracy": 0.9397163120567376,
                "f1_score": 0.7671232876712328,
                "fall_out": 0.02066115702479343,
                "false_discovery_rate": 0.1515151515151515,
                "false_negative_rate": 0.30000000000000004,
                "false_negatives": 12,
                "false_omission_rate": 0.048192771084337394,
                "false_positive_rate": 0.02066115702479343,
                "false_positives": 5,
                "hit_rate": 0.7,
                "informedness": 0.6793388429752065,
                "markedness": 0.8002920774005111,
                "matthews_correlation_coefficient": 0.7373394699210721,
                "miss_rate": 0.30000000000000004,
                "negative_predictive_value": 0.9518072289156626,
                "positive_predictive_value": 0.8484848484848485,
                "precision": 0.8484848484848485,
                "recall": 0.7,
                "sensitivity": 0.7,
                "specificity": 0.9793388429752066,
                "true_negative_rate": 0.9793388429752066,
                "true_negatives": 237,
                "true_positive_rate": 0.7,
                "true_positives": 28
            },
            "bkl": {
                "accuracy": 0.8865248226950354,
                "f1_score": 0.6595744680851063,
                "fall_out": 0.0950413223140496,
                "false_discovery_rate": 0.42592592592592593,
                "false_negative_rate": 0.22499999999999998,
                "false_negatives": 9,
                "false_omission_rate": 0.03947368421052633,
                "false_positive_rate": 0.0950413223140496,
                "false_positives": 23,
                "hit_rate": 0.775,
                "informedness": 0.6799586776859505,
                "markedness": 0.5346003898635479,
                "matthews_correlation_coefficient": 0.602914732099002,
                "miss_rate": 0.22499999999999998,
                "negative_predictive_value": 0.9605263157894737,
                "positive_predictive_value": 0.5740740740740741,
                "precision": 0.5740740740740741,
                "recall": 0.775,
                "sensitivity": 0.775,
                "specificity": 0.9049586776859504,
                "true_negative_rate": 0.9049586776859504,
                "true_negatives": 219,
                "true_positive_rate": 0.775,
                "true_positives": 31
            },
            "df": {
                "accuracy": 0.9290780141843972,
                "f1_score": 0.7368421052631577,
                "fall_out": 0.03305785123966942,
                "false_discovery_rate": 0.2222222222222222,
                "false_negative_rate": 0.30000000000000004,
                "false_negatives": 12,
                "false_omission_rate": 0.04878048780487809,
                "false_positive_rate": 0.03305785123966942,
                "false_positives": 8,
                "hit_rate": 0.7,
                "informedness": 0.6669421487603304,
                "markedness": 0.7289972899728996,
                "matthews_correlation_coefficient": 0.697279727953555,
                "miss_rate": 0.30000000000000004,
                "negative_predictive_value": 0.9512195121951219,
                "positive_predictive_value": 0.7777777777777778,
                "precision": 0.7777777777777778,
                "recall": 0.7,
                "sensitivity": 0.7,
                "specificity": 0.9669421487603306,
                "true_negative_rate": 0.9669421487603306,
                "true_negatives": 234,
                "true_positive_rate": 0.7,
                "true_positives": 28
            },
            "mel": {
                "accuracy": 0.8829787234042553,
                "f1_score": 0.6117647058823529,
                "fall_out": 0.07851239669421484,
                "false_discovery_rate": 0.4222222222222223,
                "false_negative_rate": 0.35,
                "false_negatives": 14,
                "false_omission_rate": 0.05907172995780585,
                "false_positive_rate": 0.07851239669421484,
                "false_positives": 19,
                "hit_rate": 0.65,
                "informedness": 0.5714876033057852,
                "markedness": 0.5187060478199719,
                "matthews_correlation_coefficient": 0.5444575980632943,
                "miss_rate": 0.35,
                "negative_predictive_value": 0.9409282700421941,
                "positive_predictive_value": 0.5777777777777777,
                "precision": 0.5777777777777777,
                "recall": 0.65,
                "sensitivity": 0.65,
                "specificity": 0.9214876033057852,